{
    "loss": 1.4128118753433228,
    "accuracy": 0.843137264251709
}