{
    "loss": 9.23003101348877,
    "accuracy": 0.4313725531101227
}